{έν—ή,o»•p“x,ƒR[ƒh,—p“r•—ή
‹‘ξ,6189107,411,Z‘ξ
‹¤“―Z‘ξ,497073,412,‹¤“―Z‘ξ
“X•ά,387750,402,¤‹Ζ{έ
––±,227716,401,‹Ζ–±{έ
‘qΙ,142347,431,‰^—A‘qΙ{έ
ΤΙ,120102,431,‰^—A‘qΙ{έ
•¨’u,85590,431,‰^—A‘qΙ{έ
Hκ,67662,441,Hκ
μ‹Ζ,47222,441,Hκ
f—Γ,20731,422,•¶‹³ϊ¶{έ
,19792,461,•s–Ύ
’“Τκ,19505,431,‰^—A‘qΙ{έ
ƒSƒ~’uκ,17982,454,‚»‚Μ‘Ό
’“—Φκ,14093,431,‰^—A‘qΙ{έ
ρhΙ,12652,412,‹¤“―Z‘ξ
μ‹Ζκ,12285,441,Hκ
W‰ο,5635,422,•¶‹³ϊ¶{έ
•Φ,5173,422,•¶‹³ϊ¶{έ
—·Ω,5158,403,h”‘{έ
‹³K,4840,402,¤‹Ζ{έ
”[‰®,4562,454,‚»‚Μ‘Ό
ZΙ,4097,422,•¶‹³ϊ¶{έ
–{“°,3975,422,•¶‹³ϊ¶{έ
ƒzƒeƒ‹,3843,403,h”‘{έ
W‰οΊ,3402,422,•¶‹³ϊ¶{έ
‹@BΊ,2666,401,‹Ζ–±{έ
•Ϋη,2639,422,•¶‹³ϊ¶{έ
Η—lΊ,2579,401,‹Ζ–±{έ
‹‹–ϋ,2425,402,¤‹Ζ{έ
Vlƒz[ƒ€,2347,422,•¶‹³ϊ¶{έ
•a‰@,2223,422,•¶‹³ϊ¶{έ
—V‹Zκ,1710,402,¤‹Ζ{έ
—{μ,1692,422,•¶‹³ϊ¶{έ
Ι—΅,1559,411,Z‘ξ
©“]Τ’uκ,1327,431,‰^—A‘qΙ{έ
‹xeΊ,1316,401,‹Ζ–±{έ
“d‹CΊ,1226,401,‹Ζ–±{έ
‹³‰ο,1210,422,•¶‹³ϊ¶{έ
‹xe,1171,401,‹Ζ–±{έ
ƒfƒCƒT[ƒrƒXƒZƒ“ƒ^[,1168,422,•¶‹³ϊ¶{έ
–{“a,1153,422,•¶‹³ϊ¶{έ
WoΙ,1140,454,‚»‚Μ‘Ό
’{Ι,1140,451,”_—Ρ‹™‹Ζ—p{έ
ƒ|ƒ“ƒvΊ,1107,401,‹Ζ–±{έ
‹³EΙ,1072,422,•¶‹³ϊ¶{έ
_“a,1035,422,•¶‹³ϊ¶{έ
•Ο“d,1027,452,‹‹‹—{έ
‰€Ι,1026,422,•¶‹³ϊ¶{έ
{Ι,1021,451,”_—Ρ‹™‹Ζ—p{έ
ƒOƒ‹[ƒvƒz[ƒ€,1018,412,‹¤“―Z‘ξ
¤‹†,974,401,‹Ζ–±{έ
‘ΜηΩ,951,422,•¶‹³ϊ¶{έ
Ι— ,927,411,Z‘ξ
Η—Ί,907,401,‹Ζ–±{έ
‹βs,870,401,‹Ζ–±{έ
oHΊ,847,454,‚»‚Μ‘Ό
φO—κ,833,422,•¶‹³ϊ¶{έ
‰οΩ,818,402,¤‹Ζ{έ
’™‘ Ι,773,431,‰^—A‘qΙ{έ
H“°,772,402,¤‹Ζ{έ
—c’t‰€,728,422,•¶‹³ϊ¶{έ
•Ϋη‰€,691,422,•¶‹³ϊ¶{έ
—κ,674,422,•¶‹³ϊ¶{έ
•Ϋ—{,616,403,h”‘{έ
γ‰@,611,422,•¶‹³ϊ¶{έ
—X•Φ‹ΗΙ,593,421,―φ’΅{έ
ƒgƒ‰ƒ“ƒNƒ‹[ƒ€,567,431,‰^—A‘qΙ{έ
£‘‡κ,563,451,”_—Ρ‹™‹Ζ—p{έ
\Ί,555,451,”_—Ρ‹™‹Ζ—p{έ
Η—––±Ί,535,401,‹Ζ–±{έ
—Ώ—“X,531,402,¤‹Ζ{έ
—Ί,528,422,•¶‹³ϊ¶{έ
‹³Ί,527,402,¤‹Ζ{έ
h”‘,525,403,h”‘{έ
‰·Ί,510,451,”_—Ρ‹™‹Ζ—p{έ
¤C,502,401,‹Ζ–±{έ
“y‘ ,488,431,‰^—A‘qΙ{έ
Vl•ƒ{έ,468,422,•¶‹³ϊ¶{έ
†–κ,462,401,‹Ζ–±{έ
΅—Γ‰@,443,422,•¶‹³ϊ¶{έ
hΙ,405,403,h”‘{έ
—β‘ Ι,401,431,‰^—A‘qΙ{έ
XίΊ,390,422,•¶‹³ϊ¶{έ
›‰@,375,422,•¶‹³ϊ¶{έ
£‘‡Ί,372,451,”_—Ρ‹™‹Ζ—p{έ
Π–±,352,422,•¶‹³ϊ¶{έ
oH’uκ,325,454,‚»‚Μ‘Ό
‚²‚έ’uκ,313,454,‚»‚Μ‘Ό
η‰q,294,401,‹Ζ–±{έ
΅—Γ,284,422,•¶‹³ϊ¶{έ
Π“a,282,422,•¶‹³ϊ¶{έ
’βΤκ,275,431,‰^—A‘qΙ{έ
βyΊ,273,402,¤‹Ζ{έ
Η—υΊ,272,401,‹Ζ–±{έ
—η”q,272,422,•¶‹³ϊ¶{έ
—ϋKκ,270,422,•¶‹³ϊ¶{έ
—β‘ ‘qΙ,268,431,‰^—A‘qΙ{έ
‰ο“°,253,422,•¶‹³ϊ¶{έ
”q“a,244,422,•¶‹³ϊ¶{έ
W‰οκ,235,422,•¶‹³ϊ¶{έ
—c’t‰€Ι,229,422,•¶‹³ϊ¶{έ
‘Ν”μΙ,223,451,”_—Ρ‹™‹Ζ—p{έ
“Ακ—κ,220,402,¤‹Ζ{έ
’ƒΊ,214,402,¤‹Ζ{έ
—η”q“°,214,422,•¶‹³ϊ¶{έ
’ƒ•”‰®,213,402,¤‹Ζ{έ
Vl•Ϋ’{έ,212,422,•¶‹³ϊ¶{έ
‹Ι,209,451,”_—Ρ‹™‹Ζ—p{έ
‹q“a,207,422,•¶‹³ϊ¶{έ
—X•Φ‹Η,200,421,―φ’΅{έ
’ΚM{έ,188,401,‹Ζ–±{έ
—”_Ι,184,451,”_—Ρ‹™‹Ζ—p{έ
‹‹“’Ί,183,401,‹Ζ–±{έ
oHWΟ,181,454,‚»‚Μ‘Ό
‹³‰ο“°,181,422,•¶‹³ϊ¶{έ
…Τκ,180,451,”_—Ρ‹™‹Ζ—p{έ
”[“°,178,422,•¶‹³ϊ¶{έ
“Ήκ,176,402,¤‹Ζ{έ
•Ο“dΊ,175,452,‹‹‹—{έ
ƒ{ƒCƒ‰[Ί,170,401,‹Ζ–±{έ
u“°,167,422,•¶‹³ϊ¶{έ
—Ύ,165,412,‹¤“―Z‘ξ
Έ•Δ,161,451,”_—Ρ‹™‹Ζ—p{έ
‹‘ξΤΙ,160,411,Z‘ξ
φ‰ο“°,158,422,•¶‹³ϊ¶{έ
––±Ί,155,401,‹Ζ–±{έ
‰ο‹cΊ,155,401,‹Ζ–±{έ
‰f‰ζΩ,154,402,¤‹Ζ{έ
Η—––±,149,401,‹Ζ–±{έ
€κ,148,402,¤‹Ζ{έ
}‘Ω,147,422,•¶‹³ϊ¶{έ
ƒXƒ^ƒWƒI,147,402,¤‹Ζ{έ
‹l,146,401,‹Ζ–±{έ
¤‹†Ί,146,401,‹Ζ–±{έ
”­“d,145,452,‹‹‹—{έ
Gν‰Ζ‰®,141,451,”_—Ρ‹™‹Ζ—p{έ
“W¦κ,139,422,•¶‹³ϊ¶{έ
‰ΧJ,139,431,‰^—A‘qΙ{έ
‘ξ’n,131,411,Z‘ξ
‘υ™,131,422,•¶‹³ϊ¶{έ
“ΨΙ,130,451,”_—Ρ‹™‹Ζ—p{έ
“X•ά‹‘ξ,129,413,“X•ά“™•Ή—pZ‘ξ
TΊ,124,454,‚»‚Μ‘Ό
‰wΙ,121,431,‰^—A‘qΙ{έ
Π‘ξ,119,412,‹¤“―Z‘ξ
κc…—­,116,451,”_—Ρ‹™‹Ζ—p{έ
sκ,116,431,‰^—A‘qΙ{έ
“’•¦Ί,114,401,‹Ζ–±{έ
’·‰®,109,412,‹¤“―Z‘ξ
ΘΥh”‘,109,403,h”‘{έ
ΐ±Ί,108,401,‹Ζ–±{έ
ƒNƒ‰ƒuƒnƒEƒX,107,422,•¶‹³ϊ¶{έ
‘‡,106,401,‹Ζ–±{έ
π”Τ,104,421,―φ’΅{έ
C“Ή‰@,104,422,•¶‹³ϊ¶{έ
‰ξμ,102,422,•¶‹³ϊ¶{έ
–{‰Ζ,102,422,•¶‹³ϊ¶{έ
—·Ϊ,101,403,h”‘{έ
ƒQƒXƒgƒ‹[ƒ€,100,403,h”‘{έ
ƒgƒCƒ,99,422,•¶‹³ϊ¶{έ
™“¶•ƒ{έ,99,422,•¶‹³ϊ¶{έ
•aΊ,98,422,•¶‹³ϊ¶{έ
φ–―Ω,97,422,•¶‹³ϊ¶{έ
…Τ¬‰®,97,451,”_—Ρ‹™‹Ζ—p{έ
’“έ,97,421,―φ’΅{έ
<0000EDA1>Ι,96,454,‚»‚Μ‘Ό
”ho,95,421,―φ’΅{έ
τ‚Άκ,93,401,‹Ζ–±{έ
’΅Ι,93,421,―φ’΅{έ
”όpΩ,92,422,•¶‹³ϊ¶{έ
±Ί,92,401,‹Ζ–±{έ
…Τ,91,451,”_—Ρ‹™‹Ζ—p{έ
•”Ί,90,422,•¶‹³ϊ¶{έ
‰‘£‘‡Ί,89,451,”_—Ρ‹™‹Ζ—p{έ
—{μ‰@,88,422,•¶‹³ϊ¶{έ
WoΊ,88,454,‚»‚Μ‘Ό
“’“a,87,422,•¶‹³ϊ¶{έ
”F’θ‚±‚Η‚ΰ‰€,86,422,•¶‹³ϊ¶{έ
Z‘ξ,86,411,Z‘ξ
ƒp[ƒLƒ“ƒOƒ^ƒ[,85,431,‰^—A‘qΙ{έ
η‰qΊ,84,401,‹Ζ–±{έ
’ΚM—p‹@BΊ,84,401,‹Ζ–±{έ
‰c‹Ζ,83,401,‹Ζ–±{έ
‹‘ξ“X•ά,80,413,“X•ά“™•Ή—pZ‘ξ
…Τ‰®,79,451,”_—Ρ‹™‹Ζ—p{έ
‰ξμVl•Ϋ’{έ,78,422,•¶‹³ϊ¶{έ
MCs,78,422,•¶‹³ϊ¶{έ
f—ΓΊ,78,422,•¶‹³ϊ¶{έ
΄‘|υTΊ,76,401,‹Ζ–±{έ
•S‰έ“X,75,402,¤‹Ζ{έ
‰XΙ,74,451,”_—Ρ‹™‹Ζ—p{έ
vνΊ,74,401,‹Ζ–±{έ
“Xδs,73,402,¤‹Ζ{έ
oH,72,454,‚»‚Μ‘Ό
ƒAƒgƒƒG,72,422,•¶‹³ϊ¶{έ
ƒAƒp[ƒg,68,412,‹¤“―Z‘ξ
Ο‰Ή“°,68,422,•¶‹³ϊ¶{έ
‹³“°,68,422,•¶‹³ϊ¶{έ
‘‰@,67,422,•¶‹³ϊ¶{έ
Α–h‹@‹ο’uκ,66,401,‹Ζ–±{έ
o’uκ,65,454,‚»‚Μ‘Ό
“X•ά‹¤“―Z‘ξ,64,414,“X•ά“™•Ή—p‹¤“―Z‘ξ
–hΠƒZƒ“ƒ^[,64,401,‹Ζ–±{έ
”z“dΊ,63,401,‹Ζ–±{έ
ƒfƒBƒT[ƒrƒXƒZƒ“ƒ^[,63,422,•¶‹³ϊ¶{έ
<0000EE0E>Ι,62,454,‚»‚Μ‘Ό
’kbΊ,61,401,‹Ζ–±{έ
ƒvƒƒpƒ“Ι,59,452,‹‹‹—{έ
M—p‹ΰΙ,59,401,‹Ζ–±{έ
“yεU,59,431,‰^—A‘qΙ{έ
–Ψ¬‰®,59,451,”_—Ρ‹™‹Ζ—p{έ
”μ—ΏΙ,59,451,”_—Ρ‹™‹Ζ—p{έ
αQx‰‡{έ,58,422,•¶‹³ϊ¶{έ
τ‘σΊ,56,401,‹Ζ–±{έ
τκ,55,401,‹Ζ–±{έ
‘Ι,55,422,•¶‹³ϊ¶{έ
ƒXƒ|[ƒcƒZƒ“ƒ^[,54,422,•¶‹³ϊ¶{έ
mΓκ,54,422,•¶‹³ϊ¶{έ
Φκ,53,422,•¶‹³ϊ¶{έ
μ‹ΖΊ,53,401,‹Ζ–±{έ
ƒoƒCƒN’uκ,52,431,‰^—A‘qΙ{έ
‹i‰Ί,52,401,‹Ζ–±{έ
{p,52,422,•¶‹³ϊ¶{έ
ƒSƒ~WΟ,51,454,‚»‚Μ‘Ό
W‰Χκ,50,431,‰^—A‘qΙ{έ
’n‘ “°,49,422,•¶‹³ϊ¶{έ
D‰®,49,451,”_—Ρ‹™‹Ζ—p{έ
”•¨Ω,49,422,•¶‹³ϊ¶{έ
Z‰Ζ,48,411,Z‘ξ
oHWΟκ,48,454,‚»‚Μ‘Ό
τ<0000EDF1>Ί,48,401,‹Ζ–±{έ
‰Χµκ,48,431,‰^—A‘qΙ{έ
‘‡,46,401,‹Ζ–±{έ
‘‡Ί,46,401,‹Ζ–±{έ
—Ώ’ΰ,46,402,¤‹Ζ{έ
––±‹‘ξ,45,401,‹Ζ–±{έ
•ΝΊ,45,401,‹Ζ–±{έ
ΐ±“,45,401,‹Ζ–±{έ
‹‘ξ––±,45,413,“X•ά“™•Ή—pZ‘ξ
“Α•Κ—{μVlƒz[ƒ€,45,422,•¶‹³ϊ¶{έ
‰Ίh,45,403,h”‘{έ
‰®,45,441,Hκ
ƒRƒ“ƒvƒƒbƒT[Ί,44,401,‹Ζ–±{έ
‹¤“―hΙ,44,403,h”‘{έ
•“Ήκ,44,422,•¶‹³ϊ¶{έ
<00009DC4>Ι,43,454,‚»‚Μ‘Ό
‹¤“―Z‘ξΤΙ,43,412,‹¤“―Z‘ξ
‰Ξ–ςΙ,43,431,‰^—A‘qΙ{έ
—Γμ,43,422,•¶‹³ϊ¶{έ
•”‰®,43,411,Z‘ξ
“dbπ·,43,401,‹Ζ–±{έ
h’ΌΊ,43,401,‹Ζ–±{έ
‹¤“―‹‘ξ,42,412,‹¤“―Z‘ξ
–³ό’†p,42,401,‹Ζ–±{έ
—β“€Ι,42,431,‰^—A‘qΙ{έ
ωH“X,42,402,¤‹Ζ{έ
L‰Ί,42,454,‚»‚Μ‘Ό
K’iΊ,42,454,‚»‚Μ‘Ό
ΈΙ,41,451,”_—Ρ‹™‹Ζ—p{έ
‰X,41,451,”_—Ρ‹™‹Ζ—p{έ
‡h,40,403,h”‘{έ
ƒyƒbƒg‘«τ‚Άκ,39,454,‚»‚Μ‘Ό
•κ‰®,39,411,Z‘ξ
΄‘|υΊ,39,401,‹Ζ–±{έ
_Π,39,422,•¶‹³ϊ¶{έ
Eκ,39,401,‹Ζ–±{έ
Δ‹Ί,38,401,‹Ζ–±{έ
”z“d”ΥΊ,37,401,‹Ζ–±{έ
–qtΩ,37,422,•¶‹³ϊ¶{έ
‰ΧJκ,37,431,‰^—A‘qΙ{έ
•ΫηΊ,36,422,•¶‹³ϊ¶{έ
‘ΜηΊ,36,422,•¶‹³ϊ¶{έ
“W¦Ί,36,422,•¶‹³ϊ¶{έ
d–κ,35,401,‹Ζ–±{έ
‹¤“―Z‘ξ“X•ά,35,414,“X•ά“™•Ή—p‹¤“―Z‘ξ
φY,35,401,‹Ζ–±{έ
Η—“,35,401,‹Ζ–±{έ
ƒSƒ‹ƒt—ϋKκ,35,422,•¶‹³ϊ¶{έ
ƒTƒCƒ,35,451,”_—Ρ‹™‹Ζ—p{έ
ƒ|ƒƒoƒPƒc’uκ,34,454,‚»‚Μ‘Ό
•Ϋη‰€Ι,34,422,•¶‹³ϊ¶{έ
§δΊ,34,401,‹Ζ–±{έ
’ΚM‹@BΊ,34,401,‹Ζ–±{έ
›–±,34,422,•¶‹³ϊ¶{έ
––±‹¤“―Z‘ξ,33,414,“X•ά“™•Ή—p‹¤“―Z‘ξ
wZ,33,422,•¶‹³ϊ¶{έ
Ή“°,33,422,•¶‹³ϊ¶{έ
©’£,33,454,‚»‚Μ‘Ό
αQ•ƒ{έ,33,422,•¶‹³ϊ¶{έ
W‰Χ,33,431,‰^—A‘qΙ{έ
—β“€‘qΙ,33,431,‰^—A‘qΙ{έ
ƒRƒ“ƒvƒƒcƒT[Ί,32,401,‹Ζ–±{έ
ƒyƒbƒg‘«τκ,32,454,‚»‚Μ‘Ό
ƒ{ƒ“ƒxΊ,32,401,‹Ζ–±{έ
‹|“Ήκ,32,422,•¶‹³ϊ¶{έ
’·‰Ζ,32,412,‹¤“―Z‘ξ
σ…‘…Ί,32,401,‹Ζ–±{έ
ή—Ώ’uκ,32,431,‰^—A‘qΙ{έ
i”[Ι,32,431,‰^—A‘qΙ{έ
}‘Ί,31,422,•¶‹³ϊ¶{έ
ΘΥ—·Ω,31,403,h”‘{έ
–ςt“°,31,422,•¶‹³ϊ¶{έ
»ήHκ,31,441,Hκ
™Μ,30,422,•¶‹³ϊ¶{έ
H’uκ,30,454,‚»‚Μ‘Ό
ή–Ψ’uκ,30,431,‰^—A‘qΙ{έ
‰Χ•¨Ο‰µκ,30,431,‰^—A‘qΙ{έ
τΤκ,29,431,‰^—A‘qΙ{έ
—V‹YΊ,29,402,¤‹Ζ{έ
P—ϋ,29,402,¤‹Ζ{έ
Π‰ο•ƒ{έ,28,422,•¶‹³ϊ¶{έ
‘—ΏΩ,28,422,•¶‹³ϊ¶{έ
_y“a,28,422,•¶‹³ϊ¶{έ
–ε,28,454,‚»‚Μ‘Ό
¤‹†“,28,401,‹Ζ–±{έ
ƒ”ƒFƒ‰ƒ“ƒ_,27,454,‚»‚Μ‘Ό
™“¶Ω,27,422,•¶‹³ϊ¶{έ
‹‘ξ‹¤“―Z‘ξ,26,412,‹¤“―Z‘ξ
—X•ΦσΊ,26,401,‹Ζ–±{έ
m,26,422,•¶‹³ϊ¶{έ
‹¤“―,25,412,‹¤“―Z‘ξ
³k‹@Ί,25,401,‹Ζ–±{έ
–Ψ”[‰®,25,451,”_—Ρ‹™‹Ζ—p{έ
•l¬‰®,25,451,”_—Ρ‹™‹Ζ—p{έ
”­“d‹@Ί,25,401,‹Ζ–±{έ
”z‹‹,25,401,‹Ζ–±{έ
–hΠ‘qΙ,25,431,‰^—A‘qΙ{έ
•Y,25,422,•¶‹³ϊ¶{έ
wKm,25,422,•¶‹³ϊ¶{έ
ƒNƒ‰ƒuΊ,24,422,•¶‹³ϊ¶{έ
‹‘ξμ‹Ζ,24,415,μ‹Ζ•Ή—pZ‘ξ
–{Ω,24,401,‹Ζ–±{έ
‹DΚΊ,24,401,‹Ζ–±{έ
τ<0000EDF1>κ,24,454,‚»‚Μ‘Ό
—V‹Yκ,24,402,¤‹Ζ{έ
‘I‰Κκ,24,451,”_—Ρ‹™‹Ζ—p{έ
΅—ΓΊ,24,422,•¶‹³ϊ¶{έ
––±‘qΙ,23,401,‹Ζ–±{έ
¬‰®,23,454,‚»‚Μ‘Ό
R–ε,23,454,‚»‚Μ‘Ό
”Τ¬‰®,23,401,‹Ζ–±{έ
Πυ—Ύ,23,412,‹¤“―Z‘ξ
—§‘Μ’“Τκ,23,431,‰^—A‘qΙ{έ
‘—M,23,401,‹Ζ–±{έ
‘I’Yκ,23,451,”_—Ρ‹™‹Ζ—p{έ
‰Χµ,23,431,‰^—A‘qΙ{έ
MC‹Ζ,22,422,•¶‹³ϊ¶{έ
C—Hκ,22,441,Hκ
ϊ¶‰οΩ,22,422,•¶‹³ϊ¶{έ
Zδq,22,422,•¶‹³ϊ¶{έ
τ–Κ,22,401,‹Ζ–±{έ
_—`Ι,22,422,•¶‹³ϊ¶{έ
ΘΥh,22,403,h”‘{έ
’·‰®–ε,22,454,‚»‚Μ‘Ό
ƒ‰ƒEƒ“ƒW,22,402,¤‹Ζ{έ
Ε“°,21,422,•¶‹³ϊ¶{έ
λ―•¨‘qΙ,21,431,‰^—A‘qΙ{έ
„Έ”ho,21,421,―φ’΅{έ
“X•ά––±,21,401,‹Ζ–±{έ
Xί,21,401,‹Ζ–±{έ
»ή,21,441,Hκ
”n‰Ζ,21,451,”_—Ρ‹™‹Ζ—p{έ
σ…‘…,21,401,‹Ζ–±{έ
––±ΤΙ,20,401,‹Ζ–±{έ
‹¤“―Z‘ξ––±,20,414,“X•ά“™•Ή—p‹¤“―Z‘ξ
‹¤“―—κ,20,422,•¶‹³ϊ¶{έ
‹‘ξ•¨’u,20,411,Z‘ξ
]‹ΖυhΙ,20,412,‹¤“―Z‘ξ
…‰jκ,20,422,•¶‹³ϊ¶{έ
‰‘£‘‡κ,20,451,”_—Ρ‹™‹Ζ—p{έ
‘έΘ,20,454,‚»‚Μ‘Ό
”ηΙ,20,451,”_—Ρ‹™‹Ζ—p{έ
—β“€Ί,20,431,‰^—A‘qΙ{έ
‹³Kκ,20,402,¤‹Ζ{έ
‰c‹Ζκ,20,402,¤‹Ζ{έ
ƒOƒ‹[ƒ~ƒ“ƒOƒ‹[ƒ€,19,402,¤‹Ζ{έ
’nζƒPƒAƒvƒ‰ƒU,19,422,•¶‹³ϊ¶{έ
ΐKΊ,19,401,‹Ζ–±{έ
•ϊ‘—,19,401,‹Ζ–±{έ
‹@BHκ,19,441,Hκ
τ‘σκ,19,441,Hκ
Α‰Ξƒ|ƒ“ƒvΊ,19,401,‹Ζ–±{έ
—Γ—{,19,422,•¶‹³ϊ¶{έ
‘ζ‚P‹¤“―Z‘ξ,19,412,‹¤“―Z‘ξ
Vlƒz|ƒ€,19,422,•¶‹³ϊ¶{έ
EυZ‘ξ,19,412,‹¤“―Z‘ξ
—{μ{έ,19,422,•¶‹³ϊ¶{έ
‘δ,19,401,‹Ζ–±{έ
ΆΙ,19,451,”_—Ρ‹™‹Ζ—p{έ
––±’“Τκ,18,401,‹Ζ–±{έ
μ‹Ζυ‹l,18,401,‹Ζ–±{έ
™“¶ϊ¶{έ,18,422,•¶‹³ϊ¶{έ
‘εgΩ,18,421,―φ’΅{έ
–―h,18,403,h”‘{έ
»‘Άκ,18,441,Hκ
ƒGƒƒx[ƒ^[Ί,17,401,‹Ζ–±{έ
ƒyƒbƒgτ‚Άκ,17,454,‚»‚Μ‘Ό
”υ’~‘qΙ,17,431,‰^—A‘qΙ{έ
σ“dΊ,17,401,‹Ζ–±{έ
σ“d,17,401,‹Ζ–±{έ
w¶‰οΩ,17,422,•¶‹³ϊ¶{έ
h”‘Ί,17,403,h”‘{έ
›‰@–{“°,17,422,•¶‹³ϊ¶{έ
–ϋΙ,17,431,‰^—A‘qΙ{έ
EυφΙ,17,412,‹¤“―Z‘ξ
”μ—Ώ¬‰®,17,451,”_—Ρ‹™‹Ζ—p{έ
”μΙ,17,451,”_—Ρ‹™‹Ζ—p{έ
”n‰®,17,451,”_—Ρ‹™‹Ζ—p{έ
’“—Φ,17,431,‰^—A‘qΙ{έ
¤CΊ,17,401,‹Ζ–±{έ
Gν,17,454,‚»‚Μ‘Ό
<000064B0>‰Κκ,16,451,”_—Ρ‹™‹Ζ—p{έ
•s“®“°,16,422,•¶‹³ϊ¶{έ
––±“X•ά,16,401,‹Ζ–±{έ
δΛ‰®,16,454,‚»‚Μ‘Ό
•§“°,16,422,•¶‹³ϊ¶{έ
‹δy•”,16,402,¤‹Ζ{έ
™“¶—{μ{έ,16,422,•¶‹³ϊ¶{έ
‰ΑHκ,16,441,Hκ
‹Dγ£Ί,16,401,‹Ζ–±{έ
‹£‹Zκ,16,422,•¶‹³ϊ¶{έ
‘ζ“ρ‹¤“―Z‘ξ,16,412,‹¤“―Z‘ξ
©“®ΤΤΙ,16,431,‰^—A‘qΙ{έ
’ψΙ,16,431,‰^—A‘qΙ{έ
’ƒHκ,16,441,Hκ
’²—Ί,16,401,‹Ζ–±{έ
”z“d,16,452,‹‹‹—{έ
–hΠΗ—Ί,16,401,‹Ζ–±{έ
[<00005861>κ,15,454,‚»‚Μ‘Ό
φ‰ο,15,422,•¶‹³ϊ¶{έ
φΙ,15,421,―φ’΅{έ
‹¤—pΊ,15,401,‹Ζ–±{έ
iΥΩ,15,422,•¶‹³ϊ¶{έ
‰Ζ’{Ι,15,451,”_—Ρ‹™‹Ζ—p{έ
‹‘ξ‘qΙ,15,411,Z‘ξ
“X•ά––±‹¤“―Z‘ξ,15,414,“X•ά“™•Ή—p‹¤“―Z‘ξ
“X•ά––±‹‘ξ,15,414,“X•ά“™•Ή—p‹¤“―Z‘ξ
³“a,15,422,•¶‹³ϊ¶{έ
»•i‘qΙ,15,431,‰^—A‘qΙ{έ
Ό‘¤‹‘ξ,15,411,Z‘ξ
κ,15,401,‹Ζ–±{έ
G‰Ζ,15,454,‚»‚Μ‘Ό
Β‰Κsκ,15,431,‰^—A‘qΙ{έ
—{\Ί,15,451,”_—Ρ‹™‹Ζ—p{έ
”„“X,15,402,¤‹Ζ{έ
ΈΊ,15,401,‹Ζ–±{έ
Κ”v“°,15,422,•¶‹³ϊ¶{έ
ƒXƒe[ƒW,14,422,•¶‹³ϊ¶{έ
ƒyƒbƒgτκ,14,454,‚»‚Μ‘Ό
[“U,14,452,‹‹‹—{έ
‹¤“―μ‹Ζκ,14,422,•¶‹³ϊ¶{έ
—βεUΙ,14,431,‰^—A‘qΙ{έ
’nεU“°,14,422,•¶‹³ϊ¶{έ
“°‰F,14,422,•¶‹³ϊ¶{έ
oΊ’uκ,14,454,‚»‚Μ‘Ό
“W–]Ί,14,401,‹Ζ–±{έ
‰ΪΊ,14,401,‹Ζ–±{έ
κ,14,451,”_—Ρ‹™‹Ζ—p{έ
•ϊ‘—‹Η,14,401,‹Ζ–±{έ
–ϋ‘qΙ,14,431,‰^—A‘qΙ{έ
“’‰®,14,422,•¶‹³ϊ¶{έ
ΆEκ,14,441,Hκ
‘’Υκ,14,422,•¶‹³ϊ¶{έ
f@Ί,14,422,•¶‹³ϊ¶{έ
x”υΊ,14,401,‹Ζ–±{έ
’™‘ ,14,431,‰^—A‘qΙ{έ
—{μVlƒz[ƒ€,14,422,•¶‹³ϊ¶{έ
‹ΗΙ,14,421,―φ’΅{έ
’²—κ,14,401,‹Ζ–±{έ
oH,14,454,‚»‚Μ‘Ό
<0000EDA1>,13,454,‚»‚Μ‘Ό
ƒgƒ[ƒjƒ“ƒOƒ‹[ƒ€,13,422,•¶‹³ϊ¶{έ
oD,13,422,•¶‹³ϊ¶{έ
“W¦Ω,13,422,•¶‹³ϊ¶{έ
B‰e,13,422,•¶‹³ϊ¶{έ
‹³‰ο,13,422,•¶‹³ϊ¶{έ
—Ώ‹ΰ,13,401,‹Ζ–±{έ
•κq—Ύ,13,412,‹¤“―Z‘ξ
΄‘|lΊ,13,401,‹Ζ–±{έ
‘’θΊ,13,401,‹Ζ–±{έ
‰Ξ‘’κ,13,452,‹‹‹—{έ
“Ζg—Ύ,13,412,‹¤“―Z‘ξ
•a“,13,422,•¶‹³ϊ¶{έ
Η—,13,401,‹Ζ–±{έ
©“®ΤC—Hκ,13,441,Hκ
ΤΙ‹‘ξ,13,411,Z‘ξ
–ε’·‰®,13,412,‹¤“―Z‘ξ
Wo,13,454,‚»‚Μ‘Ό
G‰Ζ‰®,13,454,‚»‚Μ‘Ό
•—Cκ,13,422,•¶‹³ϊ¶{έ
”Ρκ,13,422,•¶‹³ϊ¶{έ
WΟ,13,454,‚»‚Μ‘Ό
‹³κ,13,422,•¶‹³ϊ¶{έ
‚²‚έWΟκ,12,454,‚»‚Μ‘Ό
ƒSƒ~WΟκ,12,454,‚»‚Μ‘Ό
ƒv[ƒ‹,12,422,•¶‹³ϊ¶{έ
ƒ‰ƒ“ƒhƒ[Ί,12,401,‹Ζ–±{έ
ƒƒbƒJ[Ί,12,401,‹Ζ–±{έ
‰ξμ•Ϋ―{έ,12,422,•¶‹³ϊ¶{έ
‹x‘§,12,401,‹Ζ–±{έ
‘m“°,12,422,•¶‹³ϊ¶{έ
‘m–[,12,422,•¶‹³ϊ¶{έ
φO•Φ,12,422,•¶‹³ϊ¶{έ
‹¤“―μ‹Ζ,12,401,‹Ζ–±{έ
o‰Χκ,12,431,‰^—A‘qΙ{έ
΄π’™‘ Ι,12,431,‰^—A‘qΙ{έ
~–[,12,401,‹Ζ–±{έ
‘εt“°,12,422,•¶‹³ϊ¶{έ
wKΊ,12,422,•¶‹³ϊ¶{έ
‰®“ΰƒv[ƒ‹,12,422,•¶‹³ϊ¶{έ
φY{έ,12,422,•¶‹³ϊ¶{έ
Έκ,12,401,‹Ζ–±{έ
‰…—κ,12,452,‹‹‹—{έ
Α–h,12,421,―φ’΅{έ
D¬‰®,12,451,”_—Ρ‹™‹Ζ—p{έ
’¬“ΰ‰οΩ,12,422,•¶‹³ϊ¶{έ
e‰Ζ,12,411,Z‘ξ
’ƒ•”‰Ζ,12,411,Z‘ξ
x@,12,421,―φ’΅{έ
Τκ,12,421,―φ’΅{έ
”_‹Ζ‘qΙ,12,431,‰^—A‘qΙ{έ
•”‰Ζ,12,454,‚»‚Μ‘Ό
W”z,12,431,‰^—A‘qΙ{έ
”n¬‰®,12,451,”_—Ρ‹™‹Ζ—p{έ
‰w,12,431,‰^—A‘qΙ{έ
‹¤“―“X•ά,12,402,¤‹Ζ{έ
Έ,12,401,‹Ζ–±{έ
•Ό“a,12,422,•¶‹³ϊ¶{έ
<0000FA4C>“a,11,422,•¶‹³ϊ¶{έ
ƒKƒoƒi[Ί,11,401,‹Ζ–±{έ
ƒSƒ~—Ί,11,454,‚»‚Μ‘Ό
ƒƒlƒ“Ί,11,401,‹Ζ–±{έ
γ‰Ζ,11,454,‚»‚Μ‘Ό
“ϋ™‰@,11,422,•¶‹³ϊ¶{έ
£‘‡Ι,11,431,‰^—A‘qΙ{έ
δΛ‰®`,11,454,‚»‚Μ‘Ό
‹¤“―Z‘ξ‘qΙ,11,412,‹¤“―Z‘ξ
—β“€‹@Ί,11,401,‹Ζ–±{έ
QW“a,11,422,•¶‹³ϊ¶{έ
δ“°,11,422,•¶‹³ϊ¶{έ
…Y‰ΑHκ,11,451,”_—Ρ‹™‹Ζ—p{έ
Δ‹pκ,11,452,‹‹‹—{έ
•ƒ‰οΩ,11,402,¤‹Ζ{έ
‹¥®κ,11,402,¤‹Ζ{έ
Ι‘ξ,11,451,”_—Ρ‹™‹Ζ—p{έ
έ”υΊ,11,401,‹Ζ–±{έ
—V‹ZΊ,11,401,‹Ζ–±{έ
‰w–{‰®,11,431,‰^—A‘qΙ{έ
‹›sκ,11,431,‰^—A‘qΙ{έ
<0000654E>EΙ,11,454,‚»‚Μ‘Ό
‹³Eδq,11,422,•¶‹³ϊ¶{έ
“®•¨τκ,11,454,‚»‚Μ‘Ό
ƒAƒgƒƒ‘,11,422,•¶‹³ϊ¶{έ
Ϊ‰@,11,422,•¶‹³ϊ¶{έ
“®•¨•a‰@,11,422,•¶‹³ϊ¶{έ
—η”qκ,11,422,•¶‹³ϊ¶{έ
ƒPƒAƒz[ƒ€,10,422,•¶‹³ϊ¶{έ
ƒSƒ~’u‚«κ,10,454,‚»‚Μ‘Ό
ƒrƒ‹ƒfƒBƒ“ƒO,10,461,•s–Ύ
ƒtƒBƒbƒgƒlƒXƒ‹[ƒ€,10,402,¤‹Ζ{έ
‰Ίh‰®,10,403,h”‘{έ
π·,10,401,‹Ζ–±{έ
‰ξμ{έ,10,422,•¶‹³ϊ¶{έ
M“k‰οΩ,10,422,•¶‹³ϊ¶{έ
‘qΙ––±,10,431,‰^—A‘qΙ{έ
θ,10,401,‹Ζ–±{έ
•σ•¨“a,10,422,•¶‹³ϊ¶{έ
‹qΊ,10,401,‹Ζ–±{έ
‹‘ξ––±‘qΙ,10,413,“X•ά“™•Ή—pZ‘ξ
•z‹³,10,422,•¶‹³ϊ¶{έ
—c’t‰€‰€Ι,10,422,•¶‹³ϊ¶{έ
”έ,10,454,‚»‚Μ‘Ό
„”μΙ,10,451,”_—Ρ‹™‹Ζ—p{έ
®³νΊ,10,401,‹Ζ–±{έ
’¬‰ο‰οΩ,10,422,•¶‹³ϊ¶{έ
’{δq,10,451,”_—Ρ‹™‹Ζ—p{έ
•ƒ{έ,10,422,•¶‹³ϊ¶{έ
Έ•Δκ,10,441,Hκ
”[‰Ζ,10,431,‰^—A‘qΙ{έ
©“]Τ’“Τκ,10,431,‰^—A‘qΙ{έ
v—Κ,10,451,”_—Ρ‹™‹Ζ—p{έ
±κ,10,401,‹Ζ–±{έ
x@―”ho,10,421,―φ’΅{έ
’™’Yκ,10,431,‰^—A‘qΙ{έ
‘ή‘qΙ,10,431,‰^—A‘qΙ{έ
{δq,10,451,”_—Ρ‹™‹Ζ—p{έ
JR“°,10,422,•¶‹³ϊ¶{έ
<0000654E>‰ο,9,454,‚»‚Μ‘Ό
ƒKƒ[ƒW,9,431,‰^—A‘qΙ{έ
ƒfƒCƒPƒAƒZƒ“ƒ^[,9,422,•¶‹³ϊ¶{έ
’†p,9,401,‹Ζ–±{έ
‹x‘§Ί,9,401,‹Ζ–±{έ
‘qΙ‹‘ξ,9,411,Z‘ξ
’β—―,9,431,‰^—A‘qΙ{έ
[<00005861>,9,454,‚»‚Μ‘Ό
λ―•¨’™‘ Ι,9,431,‰^—A‘qΙ{έ
‡h,9,403,h”‘{έ
w“¶•Ϋη,9,422,•¶‹³ϊ¶{έ
Ί“ΰƒv[ƒ‹,9,422,•¶‹³ϊ¶{έ
ο’Yκ,9,451,”_—Ρ‹™‹Ζ—p{έ
‘€μΊ,9,401,‹Ζ–±{έ
“‘¤‹‘ξ,9,411,Z‘ξ
”R—ΏΙ,9,431,‰^—A‘qΙ{έ
Η——p‘qΙ,9,431,‰^—A‘qΙ{έ
—ϋK,9,402,¤‹Ζ{έ
–D»Hκ,9,441,Hκ
EυhΙ,9,403,h”‘{έ
©KΊ,9,422,•¶‹³ϊ¶{έ
‰tƒZƒ“ƒ^[,9,422,•¶‹³ϊ¶{έ
»’ƒHκ,9,441,Hκ
Ο‘,9,401,‹Ζ–±{έ
‹L”OΩ,9,422,•¶‹³ϊ¶{έ
x@―’“έ,9,421,―φ’΅{έ
ψ‘Άκ,9,441,Hκ
α‰B,9,454,‚»‚Μ‘Ό
—{V‰@,9,422,•¶‹³ϊ¶{έ
δΛ,9,454,‚»‚Μ‘Ό
ϋ”[Ι,9,431,‰^—A‘qΙ{έ
Κ<0000724C>“°,9,422,•¶‹³ϊ¶{έ
Z‘ξ—p,9,411,Z‘ξ
<00009DC4>δq,8,454,‚»‚Μ‘Ό
‚²‚έ’u‚«κ,8,454,‚»‚Μ‘Ό
ƒRƒCƒ“ƒ‰ƒ“ƒhƒ[Ί,8,402,¤‹Ζ{έ
ƒ[ƒ‹Ί,8,401,‹Ζ–±{έ
δΛ‰Ζ,8,454,‚»‚Μ‘Ό
‰ξμ•Ϋ’{έ,8,422,•¶‹³ϊ¶{έ
φ‰v{έ,8,421,―φ’΅{έ
o‰ΧΊ,8,431,‰^—A‘qΙ{έ
‘μ‹…κ,8,402,¤‹Ζ{έ
•Ο³νΊ,8,401,‹Ζ–±{έ
‰ƒ‰οκ,8,402,¤‹Ζ{έ
ρhδq,8,403,h”‘{έ
‹‘ξΌ‘¤,8,411,Z‘ξ
‹‘ξf—Γ,8,413,“X•ά“™•Ή—pZ‘ξ
Hκ––±,8,441,Hκ
H–[,8,441,Hκ
φYκ,8,422,•¶‹³ϊ¶{έ
T,8,401,‹Ζ–±{έ
•“ΉΩ,8,422,•¶‹³ϊ¶{έ
C…ƒ|ƒ“ƒvΊ,8,401,‹Ζ–±{έ
Α‰Ξέ”υΊ,8,401,‹Ζ–±{έ
΄‘|lTΊ,8,401,‹Ζ–±{έ
”R—Ώ’uκ,8,431,‰^—A‘qΙ{έ
Άz®³Ί,8,401,‹Ζ–±{έ
_“a‹³EΙ,8,422,•¶‹³ϊ¶{έ
‹σ‹C³k‹@Ί,8,401,‹Ζ–±{έ
”μ‰®,8,451,”_—Ρ‹™‹Ζ—p{έ
”\y“°,8,422,•¶‹³ϊ¶{έ
’ƒ‰®,8,422,•¶‹³ϊ¶{έ
–ς‹Η,8,402,¤‹Ζ{έ
v—ΚΊ,8,401,‹Ζ–±{έ
x•ρ‹ΗΙ,8,401,‹Ζ–±{έ
‘«τκ,8,401,‹Ζ–±{έ
”_Ι,8,451,”_—Ρ‹™‹Ζ—p{έ
π‘Ά‘ ,8,441,Hκ
–μ‹…κ,8,422,•¶‹³ϊ¶{έ
W‡—X•ΦσΊ,8,401,‹Ζ–±{έ
“d‹@Ί,8,401,‹Ζ–±{έ
”nΙ,8,451,”_—Ρ‹™‹Ζ—p{έ
‰Ό–{“°,8,422,•¶‹³ϊ¶{έ
hδq,8,403,h”‘{έ
H‹Ζ,8,441,Hκ
ƒKƒXƒ{ƒ“ƒxΊ,7,401,‹Ζ–±{έ
ƒP[ƒuƒ‹Ι,7,401,‹Ζ–±{έ
ƒRƒCƒ“ƒ‰ƒ“ƒhƒ[,7,402,¤‹Ζ{έ
ƒVƒƒƒ[Ί,7,422,•¶‹³ϊ¶{έ
ƒ|ƒ“ƒv’uκ,7,401,‹Ζ–±{έ
ƒ[ƒ‹ƒR[ƒi[,7,401,‹Ζ–±{έ
ƒƒcƒJ[Ί,7,401,‹Ζ–±{έ
dγΊ,7,401,‹Ζ–±{έ
‘ΜηΪ,7,422,•¶‹³ϊ¶{έ
‹¤“―Z‘ξ‹‘ξ,7,412,‹¤“―Z‘ξ
‹¤“―W‰Χ,7,401,‹Ζ–±{έ
θκ,7,401,‹Ζ–±{έ
γ–±Ί,7,422,•¶‹³ϊ¶{έ
σ…‘…ƒ|ƒ“ƒvΊ,7,401,‹Ζ–±{έ
‘½–Ϊ“IΊ,7,401,‹Ζ–±{έ
ΐK,7,401,‹Ζ–±{έ
‹‘ξ‰ξμ{έ,7,413,“X•ά“™•Ή—pZ‘ξ
‹‘ξ“‘¤,7,411,Z‘ξ
R‘‘,7,403,h”‘{έ
„Έ’“έ,7,421,―φ’΅{έ
”q“a•t–{“a,7,422,•¶‹³ϊ¶{έ
φ“ϋΊ,7,422,•¶‹³ϊ¶{έ
”r…—Ί,7,452,‹‹‹—{έ
–ΨHκ,7,441,Hκ
––Π,7,422,•¶‹³ϊ¶{έ
…‘°Ω,7,422,•¶‹³ϊ¶{έ
‹DΚκ,7,401,‹Ζ–±{έ
τ<0000EDF1>,7,454,‚»‚Μ‘Ό
”ho’΅Ι,7,421,―φ’΅{έ
C—mΐ±κ,7,401,‹Ζ–±{έ
Α–h”ho,7,421,―φ’΅{έ
”Zk‘δ,7,451,”_—Ρ‹™‹Ζ—p{έ
‰“Ήvνγ‰Ζ,7,454,‚»‚Μ‘Ό
•aΙ,7,422,•¶‹³ϊ¶{έ
”­“dΊ,7,401,‹Ζ–±{έ
‹σ`—·‹qƒ^[ƒ~ƒiƒ‹,7,431,‰^—A‘qΙ{έ
Vl•Ϋ’ƒZƒ“ƒ^[,7,422,•¶‹³ϊ¶{έ
©΅‰οΩ,7,422,•¶‹³ϊ¶{έ
©“]’uκ,7,431,‰^—A‘qΙ{έ
Ι–[,7,412,‹¤“―Z‘ξ
‘’‹Vκ,7,422,•¶‹³ϊ¶{έ
»•i’uκ,7,431,‰^—A‘qΙ{έ
f—Γ‹‘ξ,7,422,•¶‹³ϊ¶{έ
’²®,7,401,‹Ζ–±{έ
“Ψδq,7,451,”_—Ρ‹™‹Ζ—p{έ
“¥Ψ”ΤΙ,7,431,‰^—A‘qΙ{έ
’ΚMΊ,7,401,‹Ζ–±{έ
‰Ζ,7,401,‹Ζ–±{έ
’’‘ΆHκ,7,441,Hκ
Wό‹ΗΙ,7,401,‹Ζ–±{έ
G‰®,7,454,‚»‚Μ‘Ό
“dΉΊ,7,401,‹Ζ–±{έ
‰ΉyƒXƒ^ƒWƒI,7,402,¤‹Ζ{έ
—{Bκ,7,451,”_—Ρ‹™‹Ζ—p{έ
”n–[,7,451,”_—Ρ‹™‹Ζ—p{έ
‰Ζ’{f—Γ,7,451,”_—Ρ‹™‹Ζ—p{έ
‰ζΊ,7,402,¤‹Ζ{έ
K’i,7,454,‚»‚Μ‘Ό
<00005B75>—‘Ι,6,454,‚»‚Μ‘Ό
<0000654E>‰ο“°,6,454,‚»‚Μ‘Ό
<0000EE0E>,6,454,‚»‚Μ‘Ό
ƒSƒ~•ΫΗΙ,6,454,‚»‚Μ‘Ό
ƒVƒAƒ^[ƒ‹[ƒ€,6,402,¤‹Ζ{έ
ƒXƒCƒbƒ`Ί,6,401,‹Ζ–±{έ
ƒ^ƒ“ƒNΊ,6,401,‹Ζ–±{έ
ƒfƒCƒT|ƒrƒXƒZƒ“ƒ^|,6,422,•¶‹³ϊ¶{έ
ƒtƒBƒbƒgƒlƒXƒNƒ‰ƒu,6,402,¤‹Ζ{έ
ƒyƒbƒgƒ‹[ƒ€,6,402,¤‹Ζ{έ
£‘‡Hκ,6,441,Hκ
£‘‡,6,451,”_—Ρ‹™‹Ζ—p{έ
––±μ‹Ζ,6,401,‹Ζ–±{έ
––±Hκ,6,401,‹Ζ–±{έ
•§“a,6,422,•¶‹³ϊ¶{έ
‰ΌέhΙ,6,403,h”‘{έ
μ‹Ζ‹‘ξ,6,415,μ‹Ζ•Ή—pZ‘ξ
•ΫΗΙ,6,431,‰^—A‘qΙ{έ
M†,6,431,‰^—A‘qΙ{έ
‘qΙ‹¤“―Z‘ξ,6,431,‰^—A‘qΙ{έ
[“Uκ,6,454,‚»‚Μ‘Ό
‹¤“―Z‘ξ“X•άΤΙ,6,414,“X•ά“™•Ή—p‹¤“―Z‘ξ
—β‘ Ί,6,431,‰^—A‘qΙ{έ
§δ,6,401,‹Ζ–±{έ
‰»ΟΊ,6,422,•¶‹³ϊ¶{έ
“μ‘¤‹‘ξ,6,411,Z‘ξ
΄—Ώ‘qΙ,6,431,‰^—A‘qΙ{έ
‹i’ƒΊ,6,402,¤‹Ζ{έ
‘Ν”μ¬‰®,6,451,”_—Ρ‹™‹Ζ—p{έ
oHκ,6,454,‚»‚Μ‘Ό
oHWΟΊ,6,454,‚»‚Μ‘Ό
w¶—Ύ,6,412,‹¤“―Z‘ξ
―Ι,6,412,‹¤“―Z‘ξ
ΐKκ,6,401,‹Ζ–±{έ
Ί“ΰ…‰jκ,6,422,•¶‹³ϊ¶{έ
‰®“ΰ…‰jκ,6,422,•¶‹³ϊ¶{έ
ΐ•~,6,402,¤‹Ζ{έ
‘‹@,6,401,‹Ζ–±{έ
`“a,6,422,•¶‹³ϊ¶{έ
®”υHκ,6,441,Hκ
‰fΚΊ,6,402,¤‹Ζ{έ
–Ψ‘Ά,6,454,‚»‚Μ‘Ό
ή—Ώ‘qΙ,6,431,‰^—A‘qΙ{έ
ή–Ψ¬‰®,6,431,‰^—A‘qΙ{έ
_•“Ήκ,6,422,•¶‹³ϊ¶{έ
Δ“ΰ,6,401,‹Ζ–±{έ
‹@‹Ζκ,6,401,‹Ζ–±{έ
‹@ΦΙ,6,401,‹Ζ–±{έ
…‘fƒXƒe[ƒVƒ‡ƒ“,6,452,‹‹‹—{έ
…Τ‰Ζ,6,451,”_—Ρ‹™‹Ζ—p{έ
–ϋ‰Ι,6,431,‰^—A‘qΙ{έ
“’κ,6,422,•¶‹³ϊ¶{έ
D‰Ζ,6,454,‚»‚Μ‘Ό
‹¬‰®,6,451,”_—Ρ‹™‹Ζ—p{έ
•¨“ό,6,431,‰^—A‘qΙ{έ
’¬‰ο––±,6,422,•¶‹³ϊ¶{έ
ξ‰Χ“°,6,422,•¶‹³ϊ¶{έ
Η—l––±Ί,6,401,‹Ζ–±{έ
Η—υ––±Ί,6,401,‹Ζ–±{έ
Η——pTΊ,6,401,‹Ζ–±{έ
‘g—§Hκ,6,441,Hκ
‹‹…ƒ|ƒ“ƒvΊ,6,401,‹Ζ–±{έ
q—―,6,431,‰^—A‘qΙ{έ
Vl‰ξμ{έ,6,422,•¶‹³ϊ¶{έ
Vl—{μ{έ,6,422,•¶‹³ϊ¶{έ
Eυ—Ύ,6,412,‹¤“―Z‘ξ
‹»sκ,6,402,¤‹Ζ{έ
»‘Ά,6,441,Hκ
‘υ™Ί,6,422,•¶‹³ϊ¶{έ
f@,6,422,•¶‹³ϊ¶{έ
f—Γ‹¤“―Z‘ξ,6,422,•¶‹³ϊ¶{έ
‘έ‰Ζ,6,411,Z‘ξ
ΤΙ––±,6,431,‰^—A‘qΙ{έ
‘—σM,6,401,‹Ζ–±{έ
‘—•—‹@Ί,6,401,‹Ζ–±{έ
zυZ‘ξ,6,412,‹¤“―Z‘ξ
–ε‰q,6,401,‹Ζ–±{έ
J•ΒνΊ,6,401,‹Ζ–±{έ
Ά–ν‘Ι“°,6,422,•¶‹³ϊ¶{έ
‰B‹,6,411,Z‘ξ
W“ϋ,6,451,”_—Ρ‹™‹Ζ—p{έ
ιƒΙ,6,451,”_—Ρ‹™‹Ζ—p{έ
<0000654E>Eδq,6,454,‚»‚Μ‘Ό
‘–o“Ήκ,6,422,•¶‹³ϊ¶{έ
<000096DE>Ι,5,454,‚»‚Μ‘Ό
ƒLƒbƒYƒ‹[ƒ€,5,422,•¶‹³ϊ¶{έ
ƒNƒ‰ƒu•”Ί,5,422,•¶‹³ϊ¶{έ
ƒOƒ‹|ƒvƒz|ƒ€,5,412,‹¤“―Z‘ξ
ƒSƒ~ϋWΊ,5,454,‚»‚Μ‘Ό
ƒVƒcƒNƒi[γ‰Ζ,5,454,‚»‚Μ‘Ό
ƒXƒ|[ƒcƒWƒ€,5,402,¤‹Ζ{έ
ƒ^ƒ[ƒp[ƒLƒ“ƒO,5,431,‰^—A‘qΙ{έ
ƒgƒ[ƒjƒ“ƒOΊ,5,422,•¶‹³ϊ¶{έ
ƒoƒ“ƒKƒ[,5,403,h”‘{έ
ƒ{ƒ“ƒx’uκ,5,401,‹Ζ–±{έ
ƒ{[ƒƒ“ƒOκ,5,402,¤‹Ζ{έ
ƒ|ƒ“ƒvκ,5,401,‹Ζ–±{έ
ƒ}[ƒPƒbƒg,5,431,‰^—A‘qΙ{έ
ƒ‰ƒ“ƒhƒ[ƒ‹[ƒ€,5,401,‹Ζ–±{έ
‰Ί‰®,5,454,‚»‚Μ‘Ό
‰³†zυΠ‘ξ,5,403,h”‘{έ
––±‘qΙΤΙ,5,401,‹Ζ–±{έ
‰ξμ•ƒ{έ,5,422,•¶‹³ϊ¶{έ
•tLΊ,5,451,”_—Ρ‹™‹Ζ—p{έ
‹x—{Ί,5,401,‹Ζ–±{έ
‰ο‹c,5,401,‹Ζ–±{έ
‘Μηκ,5,422,•¶‹³ϊ¶{έ
Ε“a,5,422,•¶‹³ϊ¶{έ
μ‹Ζ,5,454,‚»‚Μ‘Ό
C—{“Ήκ,5,422,•¶‹³ϊ¶{έ
‘qΙ––±‹‘ξ,5,413,“X•ά“™•Ή—pZ‘ξ
‘m–V,5,422,•¶‹³ϊ¶{έ
[“dΊ,5,401,‹Ζ–±{έ
™“¶ρhΙ,5,403,h”‘{έ
™“¶—{μ,5,422,•¶‹³ϊ¶{έ
‹¤“―Z‘ξ––±“X•ά,5,414,“X•ά“™•Ή—p‹¤“―Z‘ξ
‹¤“―Z‘ξμ‹Ζ,5,415,μ‹Ζ•Ή—pZ‘ξ
•“Ήκ,5,422,•¶‹³ϊ¶{έ
•Y‰@,5,422,•¶‹³ϊ¶{έ
“®•¨Ι,5,451,”_—Ρ‹™‹Ζ—p{έ
ϋ”[‰®,5,431,‰^—A‘qΙ{έ
lƒc‘«–ε,5,454,‚»‚Μ‘Ό
“h‘•Hκ,5,441,Hκ
o‰ξΊ,5,454,‚»‚Μ‘Ό
‘½–Ϊ“Iƒz[ƒ‹,5,422,•¶‹³ϊ¶{έ
‰Ζ’{”—{κ,5,451,”_—Ρ‹™‹Ζ—p{έ
‹‘ξ‹³K,5,413,“X•ά“™•Ή—pZ‘ξ
H–,5,454,‚»‚Μ‘Ό
s’΅Ι,5,421,―φ’΅{έ
“X•άμ‹Ζ,5,401,‹Ζ–±{έ
“X•ά‘qΙ,5,401,‹Ζ–±{έ
—g‹@γ‰Ζ,5,451,”_—Ρ‹™‹Ζ—p{έ
”r…‹@κ,5,452,‹‹‹—{έ
Ϊ‘,5,402,¤‹Ζ{έ
“³‹…κ,5,402,¤‹Ζ{έ
•ϊ‘—Ί,5,401,‹Ζ–±{έ
‹³“a,5,422,•¶‹³ϊ¶{έ
–Ψ‘ΆƒXƒ[ƒg•‚QK,5,411,Z‘ξ
–{“°Ι— ,5,411,Z‘ξ
–{“°Ι—΅,5,411,Z‘ξ
–{‰®,5,411,Z‘ξ
_“Ήκ,5,422,•¶‹³ϊ¶{έ
Τκ,5,454,‚»‚Μ‘Ό
’hM“k‰οΩ,5,422,•¶‹³ϊ¶{έ
…ΚΟ‘,5,401,‹Ζ–±{έ
‰…—Ί,5,452,‹‹‹—{έ
Α“ΕΊ,5,401,‹Ζ–±{έ
Α–hν‹ο’uκ,5,401,‹Ζ–±{έ
‰‰|κ,5,402,¤‹Ζ{έ
“ΑκφO—κ,5,402,¤‹Ζ{έ
μZm,5,402,¤‹Ζ{έ
Ά’uκ,5,454,‚»‚Μ‘Ό
”ΥΊ,5,401,‹Ζ–±{έ
Οκ,5,431,‰^—A‘qΙ{έ
‘ζκHκ,5,441,Hκ
Η—lTΊ,5,401,‹Ζ–±{έ
o‘ ,5,422,•¶‹³ϊ¶{έ
‹‹HΊ,5,401,‹Ζ–±{έ
—ϋKΊ,5,422,•¶‹³ϊ¶{έ
υφΙ,5,412,‹¤“―Z‘ξ
”\•‘‘δ,5,402,¤‹Ζ{έ
©“®ΤΙ,5,431,‰^—A‘qΙ{έ
©“]ΤΙ,5,431,‰^—A‘qΙ{έ
»…κ,5,441,Hκ
»‘ΆHκ,5,441,Hκ
v‘Ί,5,401,‹Ζ–±{έ
v—Κ‘…,5,401,‹Ζ–±{έ
ΰ‹³,5,422,•¶‹³ϊ¶{έ
x@’΅Ι,5,421,―φ’΅{έ
’™‘ Ί,5,431,‰^—A‘qΙ{έ
‘έΐ•~,5,402,¤‹Ζ{έ
‘ΉƒSƒ~’uκ,5,454,‚»‚Μ‘Ό
Τ‘q,5,431,‰^—A‘qΙ{έ
’ΚM‹@νΊ,5,401,‹Ζ–±{έ
W‚¶‚ρΙ,5,454,‚»‚Μ‘Ό
G,5,454,‚»‚Μ‘Ό
‰ΉyΊ,5,402,¤‹Ζ{έ
—Μ–Ω,5,421,―φ’΅{έ
—{μΊ,5,422,•¶‹³ϊ¶{έ
—{‹›κ,5,451,”_—Ρ‹™‹Ζ—p{έ
—{{κ,5,451,”_—Ρ‹™‹Ζ—p{έ
‰aκ,5,451,”_—Ρ‹™‹Ζ—p{έ
